timestamp,latitude,longitude,u_mean,u_std,v_mean,v_std,w_mean,w_std,wind_speed_mean,wind_speed_std,wind_from_mean,wind_from_std,gust_mean,gust_std
2026-01-30T03:46:00Z,47.687462,-122.26038,-197.724518,216.833481,-71.078812,78.323975,149.33461,163.388443,210.666855,230.03923,58.33157,22.463905,462.877777,0.0
2026-01-30T03:47:00Z,47.687468,-122.260386,-239.844666,219.288376,-82.68618,87.302986,188.057526,158.471054,266.865662,221.027573,121.19619,78.35041,462.856812,0.125
2026-01-30T03:48:00Z,47.687482,-122.260405,-56.197643,149.258469,-17.132978,63.446842,49.512638,111.910789,71.858727,156.817154,117.049965,82.012016,300.834961,220.541061
2026-01-30T03:49:00Z,47.687478,-122.260396,-393.322571,113.263794,-166.998795,48.105778,303.370636,87.409508,427.309662,123.048134,67.276558,1.819237,462.85791,0.467707
2026-01-30T03:50:00Z,47.687475,-122.260392,-425.148346,12.271665,-181.682892,5.242927,328.339569,9.47777,462.342651,13.297673,66.820358,1.614331,462.889587,0.0
2026-01-30T03:51:00Z,47.687462,-122.260368,-424.751923,0.306186,-183.713989,1.032669,328.536713,0.385276,462.780304,0.684653,66.610519,0.144018,462.839935,0.0
2026-01-30T03:52:00Z,47.687463,-122.260367,-401.548279,88.762848,-182.622101,40.539524,313.292297,69.318558,441.156677,97.442612,64.371872,5.480899,462.84964,0.125
2026-01-30T03:53:00Z,47.687466,-122.260372,-334.516357,158.329086,-175.967087,83.334877,268.339996,127.145676,378.030273,178.805405,58.276897,9.674405,462.834839,0.25
2026-01-30T03:54:00Z,47.687456,-122.260366,-392.632141,39.678196,-235.954422,24.844439,325.250275,32.678955,458.163116,45.964149,58.852768,3.694546,462.873566,0.0
2026-01-30T03:55:00Z,47.687473,-122.260369,-379.677429,5.057482,-264.244141,7.203515,328.702332,0.5,462.663483,0.0,55.163136,1.089157,462.815033,0.0
2026-01-30T03:55:59Z,47.687473,-122.26036,-364.682098,3.443744,-284.80835,4.407026,328.576294,0.5,462.752441,0.838525,52.01088,0.695778,462.860535,0.125
2026-01-30T03:56:59Z,47.687459,-122.260383,-355.758392,1.920286,-295.911499,2.343542,328.581512,0.265165,462.749939,0.0,50.24712,0.374301,462.872772,0.0
2026-01-30T03:57:59Z,47.687466,-122.260388,-351.060822,10.152355,-300.894501,8.724964,328.305298,9.468699,462.366028,13.344591,49.431259,1.156438,462.806854,0.279509
2026-01-30T03:58:59Z,47.68746,-122.260377,-349.695679,0.0,-303.007721,0.279509,328.637024,0.197642,462.708649,1.075291,49.091297,0.068528,462.889526,0.467707
2026-01-30T03:59:59Z,47.687469,-122.260385,-181.134537,174.636978,-149.975388,161.478043,176.038605,159.300217,250.346405,221.817871,110.352753,79.168442,462.90094,0.125
2026-01-30T04:00:59Z,47.687468,-122.260394,-65.894409,137.05368,-44.739529,128.56308,71.342972,125.982788,104.164429,175.514832,172.305099,50.068432,455.247711,56.958179
2026-01-30T04:01:59Z,47.687462,-122.260392,-107.577896,161.354858,-83.048676,150.548218,109.442535,147.686874,157.340149,205.947449,158.439545,65.986122,285.058868,217.733124
2026-01-30T04:02:59Z,47.68746,-122.260393,-161.928635,174.068665,-132.936096,161.576645,158.826813,159.030899,226.193436,221.667542,125.068741,78.843147,396.306976,158.592682
2026-01-30T04:03:59Z,47.687464,-122.260386,-324.67215,87.653656,-282.990234,81.103523,306.98587,79.960388,432.816681,111.473373,51.911129,28.143118,462.890747,0.0
2026-01-30T04:04:59Z,47.68746,-122.260383,-212.806595,170.246628,-184.316681,149.185608,200.454651,159.840271,282.790192,224.78743,70.555962,37.014633,462.957428,0.0
2026-01-30T04:08:59Z,47.687468,-122.26038,-64.646065,129.735458,-64.615784,130.115555,64.603615,130.605835,91.44339,183.721954,58.432831,17.927402,462.782349,0.395285
2026-01-30T04:09:58Z,47.687467,-122.260382,-291.89798,96.269516,-298.236389,98.401718,296.243195,97.823059,417.318512,137.641403,45.353775,4.164193,462.929047,0.353553
2026-01-30T04:10:58Z,47.687458,-122.260387,-318.205383,9.257176,-335.51358,9.738775,328.23761,9.481067,462.413269,13.370911,43.489082,0.288715,462.895172,0.306186
2026-01-30T04:11:58Z,47.687441,-122.260391,-311.921265,29.984631,-336.005402,32.31002,325.627563,31.295218,458.471619,44.060329,43.02869,1.903587,462.778656,0.0
2026-01-30T04:12:58Z,47.687457,-122.260401,-307.626984,3.314268,-345.745972,2.967269,328.494324,0.0,462.812134,0.0,41.661022,0.552497,462.881866,0.216506
2026-01-30T04:13:58Z,47.68746,-122.260396,-296.361267,2.782479,-355.278839,2.241303,328.689728,0.0,462.67218,0.707107,39.83363,0.44235,462.874725,0.0
2026-01-30T04:14:58Z,47.687448,-122.260367,-290.417145,1.0,-360.350952,0.492125,328.490936,0.637377,462.812927,0.53033,38.866291,0.157018,462.978027,0.0
2026-01-30T04:15:58Z,47.687454,-122.260374,-289.45752,0.0,-361.033203,0.484123,328.590393,0.492125,462.742554,0.53033,38.720795,0.0,462.846191,0.0
2026-01-30T04:16:58Z,47.687466,-122.260381,-285.201996,2.165064,-364.351868,1.556237,328.638428,0.330719,462.70932,0.0,38.052612,0.332792,462.813019,0.0
2026-01-30T04:17:58Z,47.687477,-122.260388,-284.664337,2.097245,-364.862,1.571226,328.539062,0.0,462.779907,0.0,37.961224,0.326859,462.918945,0.216506
2026-01-30T04:18:58Z,47.68748,-122.260379,-292.992249,1.533481,-358.205688,1.313987,328.546448,0.405046,462.77359,0.800391,39.28125,0.240663,462.901794,0.0
2026-01-30T04:19:58Z,47.687459,-122.260376,-247.163651,99.931793,-310.012299,129.294083,282.515533,113.244827,399.988007,154.628845,41.737968,36.442593,462.916992,0.0
2026-01-30T04:20:58Z,47.687452,-122.26038,-204.562149,117.299728,-286.521057,155.846054,246.492142,144.380356,354.811646,189.989746,29.341967,30.664299,462.85498,0.25
2026-01-30T04:21:58Z,47.687466,-122.260376,-197.600037,102.525871,-313.274475,149.070267,258.341949,137.832672,371.490082,178.648575,24.509848,16.723869,462.783783,0.375
2026-01-30T04:22:58Z,47.687479,-122.260378,-231.62912,62.353703,-366.347565,91.314789,306.11142,84.548157,433.790741,109.153702,29.938366,9.940036,462.877899,0.176777
2026-01-30T04:23:58Z,47.687477,-122.260378,-65.000648,112.708931,-120.401665,162.981155,79.716644,151.020813,140.463669,195.595856,1.907642,18.620464,462.685455,0.279509
2026-01-30T04:24:57Z,47.68747,-122.260372,-217.290695,84.298851,-342.800049,122.865143,285.092316,113.605125,406.545135,147.140717,27.669048,13.643293,462.849976,0.0
2026-01-30T04:25:57Z,47.687478,-122.260375,-177.872025,112.859337,-287.802216,165.290863,233.376541,152.888382,339.870941,197.520782,21.205908,18.646172,462.909149,0.125
2026-01-30T04:26:57Z,47.687475,-122.260384,-36.381981,91.866432,-81.787949,134.571487,41.694965,124.768356,93.442757,160.718109,357.430664,15.001928,249.986298,220.0811
2026-01-30T04:27:57Z,47.687468,-122.260391,-176.25885,114.628143,-283.847168,166.249786,229.882782,154.613022,335.762878,199.194183,21.037981,18.734976,462.934509,0.0
2026-01-30T04:28:57Z,47.687463,-122.260397,-183.583847,113.369453,-289.450562,162.229462,236.758484,151.228195,344.237305,195.336075,22.264137,18.398949,462.919464,0.0
2026-01-30T04:29:57Z,47.687478,-122.2604,-55.868618,109.114861,-104.069405,150.787842,64.160179,142.464935,121.956367,183.633926,1.623097,17.252432,462.817291,0.0
2026-01-30T04:30:57Z,47.687476,-122.260402,-159.978516,126.502205,-248.10318,175.323074,200.415161,165.032043,297.289154,213.327393,18.44257,20.401217,462.893921,0.0
2026-01-30T04:31:57Z,47.687467,-122.260385,-32.850281,89.521355,-71.853226,126.283516,35.48756,117.797623,82.760239,152.821411,357.025269,14.471395,175.806351,210.627869
2026-01-30T04:32:57Z,47.687468,-122.260401,-109.192932,127.390594,-181.366074,181.55983,136.862381,168.883759,214.605774,218.982635,9.659558,20.91375,462.971588,0.0
2026-01-30T04:33:57Z,47.687483,-122.260411,-253.484894,0.279509,-387.30658,0.599479,328.391968,0.467707,462.884735,0.0,33.203922,0.0,462.941254,0.450694
2026-01-30T04:34:57Z,47.687465,-122.260391,-224.186066,86.575676,-338.396088,121.099808,285.031464,113.757004,406.561768,147.102478,28.989653,13.117783,462.864594,0.0
2026-01-30T04:35:57Z,47.687467,-122.260399,-215.737976,120.963127,-284.966034,146.387589,248.042084,144.754105,358.799927,187.276443,28.125137,17.928308,462.933929,0.0
2026-01-30T04:36:57Z,47.687477,-122.260405,-308.554199,7.047274,-344.749542,6.284903,328.566193,0.0,462.7612,0.0,41.828873,1.168727,462.826843,0.25
2026-01-30T04:37:57Z,47.687467,-122.260391,-303.921204,80.64859,-308.495483,76.611183,305.784454,85.196648,433.398102,109.89782,42.279968,9.521579,462.854309,0.306186
2026-01-30T04:38:57Z,47.687474,-122.2604,-330.63266,31.566523,-317.966278,28.526167,325.371918,32.539761,458.765411,42.010044,45.80444,3.646308,462.90271,0.125
2026-01-30T04:39:56Z,47.687475,-122.260398,-326.517914,57.83807,-308.260437,51.153492,317.985352,58.953503,449.201874,76.276123,45.541569,6.923908,462.907806,0.0
2026-01-30T04:40:56Z,47.687473,-122.260388,-154.843704,166.572113,-155.976562,147.263611,142.535248,169.836197,222.371201,219.747665,25.02631,19.991707,462.96347,0.306186
2026-01-30T04:41:56Z,47.687473,-122.260394,-41.087067,106.176003,-56.113384,94.657852,26.368628,108.899208,72.849945,140.581726,11.550666,12.43521,213.524033,217.999084
2026-01-30T04:42:56Z,47.687456,-122.260387,-202.901596,163.552109,-198.926682,144.534225,191.252823,167.466415,286.074615,215.735092,31.42384,19.015474,462.855316,0.0
2026-01-30T04:43:56Z,47.687471,-122.260388,-160.816772,168.073837,-158.813522,145.811188,146.998596,170.291534,228.562103,219.892975,26.304605,19.825584,433.687195,109.528175
2026-01-30T04:44:56Z,47.687462,-122.260391,-256.759735,143.274155,-245.179688,126.24678,246.09877,146.104858,356.18573,188.774765,37.726551,16.737158,462.751129,0.0
2026-01-30T04:45:56Z,47.687472,-122.260394,-305.977112,79.063065,-308.498688,74.823074,306.925262,83.039474,434.827759,107.553185,42.569805,9.368572,462.838409,0.0
2026-01-30T04:46:56Z,47.68747,-122.260388,-241.841324,132.776245,-264.808685,133.988541,248.464096,144.600037,359.769073,186.439392,34.202526,16.335184,440.976715,95.736618
2026-01-30T04:47:56Z,47.687473,-122.260392,-179.264816,151.214737,-210.147934,159.445053,185.380905,168.581726,278.209229,217.22406,25.679302,19.160772,433.438446,109.511559
2026-01-30T04:48:56Z,47.687474,-122.260387,-138.510788,150.182007,-172.063416,163.63504,142.949722,169.977203,223.384918,219.593887,19.716478,19.442228,382.283997,170.179642
2026-01-30T04:49:56Z,47.687475,-122.260394,-215.669144,134.735123,-259.045593,148.404938,232.028,153.848312,338.404266,198.187149,29.951397,17.202747,440.730377,95.816963
2026-01-30T04:50:56Z,47.68748,-122.260387,-187.301147,144.718719,-228.93898,160.143097,200.435883,165.236603,297.613281,213.332031,25.828938,19.086464,426.091827,121.945557
2026-01-30T04:51:56Z,47.687491,-122.260386,-278.19516,76.258347,-329.953278,84.46347,304.650024,87.054039,431.934723,112.443039,37.666767,9.994188,462.870209,0.0
2026-01-30T04:52:56Z,47.687486,-122.260378,-142.45993,149.3564,-169.156799,173.650146,154.154205,165.355835,221.47287,228.736786,25.034571,14.925579,462.767548,0.0
2026-01-30T05:25:53Z,47.687464,-122.260391,-30.804153,75.368164,-61.757351,144.256821,46.959202,116.276634,69.373795,162.605453,357.854675,15.201448,439.803925,100.78714
2026-01-30T05:26:53Z,47.687458,-122.260399,-121.921806,106.571999,-231.94696,203.105972,185.791519,162.677856,262.090698,229.308517,47.662487,32.338978,463.03009,0.0
2026-01-31T17:47:08Z,47.687459,-122.260405,-25.806061,41.02507,102.185432,190.40686,79.267235,140.905731,110.539429,191.902863,59.215015,62.30513,238.732864,227.025681
2026-01-31T17:48:08Z,47.687461,-122.260394,-11.331101,24.332691,65.951828,162.111176,50.221642,119.095688,70.702507,162.330887,29.19463,61.739807,147.739349,211.411896
2026-01-31T17:49:08Z,47.68747,-122.260394,-11.896861,21.206493,76.389801,172.246796,58.222214,125.790154,81.481911,171.628143,49.485268,57.730659,201.342239,224.813614
2026-01-31T17:50:07Z,47.687462,-122.26039,-12.715759,22.219503,69.581787,166.194473,53.791485,121.413353,75.697884,165.491776,57.436749,52.996151,171.261963,218.478882
2026-01-31T17:51:07Z,47.687466,-122.260386,-18.279842,29.826563,95.079941,186.43364,72.481789,136.843994,101.226631,186.479446,58.74128,63.293812,163.789093,216.171371
2026-01-31T17:52:07Z,47.687468,-122.260384,-18.834154,32.03817,84.304794,178.348877,65.232582,131.170853,91.350632,178.750839,59.597507,53.177818,172.391907,217.72023
2026-01-31T17:53:07Z,47.687462,-122.26039,-14.680286,30.474607,61.101933,156.703232,47.785393,115.726501,67.131027,157.882919,48.875412,50.233791,132.857559,204.73613
2026-01-31T17:54:07Z,47.68747,-122.26037,-9.585689,25.758514,38.262852,128.554291,30.471394,95.168106,43.392452,129.856522,33.272007,45.368366,109.185059,192.622101
